series,sequence,version,test_id,repetitions,batch_ticks,timer_hz,batch_ms,ms_per_solve,nodes_per_solve,assignments_per_solve
1,1,baseline,T1,256,383501,10000000,38.350100000,0.149805078,4247,3650
1,2,opt1,T1,512,650653,10000000,65.065300000,0.127080664,3261,2796
1,3,opt2,T1,512,303602,10000000,30.360200000,0.059297266,3261,2796
1,4,opt3,T1,2048,935084,10000000,93.508400000,0.045658398,3261,2796
1,5,opt4,T1,262144,638305,10000000,63.830500000,0.000243494,19,1
1,6,opt1,T2,1,852778,10000000,85.277800000,85.277800000,2002687,1393690
1,7,opt2,T2,2,866739,10000000,86.673900000,43.336950000,2002687,1393690
1,8,opt3,T2,2,690493,10000000,69.049300000,34.524650000,2002687,1393690
1,9,opt4,T2,1024,880260,10000000,88.026000000,0.085962891,5248,1078
1,10,baseline,T2,1,1053329,10000000,105.332900000,105.332900000,2511447,1748230
1,11,opt2,T3,8,818369,10000000,81.836900000,10.229612500,511152,296259
1,12,opt3,T3,8,767180,10000000,76.718000000,9.589750000,511152,296259
1,13,opt4,T3,2048,570553,10000000,57.055300000,0.027859033,2550,1
1,14,baseline,T3,2,572299,10000000,57.229900000,28.614950000,1271154,739779
1,15,opt1,T3,4,630476,10000000,63.047600000,15.761900000,511152,296259
1,16,opt3,T4,1,634782,10000000,63.478200000,63.478200000,4577571,1677667
1,17,opt4,T4,2048,528954,10000000,52.895400000,0.025827832,2114,10
1,18,baseline,T4,1,2631507,10000000,263.150700000,263.150700000,7817095,2875747
1,19,opt1,T4,1,2324308,10000000,232.430800000,232.430800000,4577571,1677667
1,20,opt2,T4,1,871830,10000000,87.183000000,87.183000000,4577571,1677667
1,21,opt4,T5,262144,582734,10000000,58.273400000,0.000222295,4,1
1,22,baseline,T5,65536,579018,10000000,57.901800000,0.000883511,19,16
1,23,opt1,T5,65536,573586,10000000,57.358600000,0.000875223,19,16
1,24,opt2,T5,131072,781902,10000000,78.190200000,0.000596544,19,16
1,25,opt3,T5,262144,903060,10000000,90.306000000,0.000344490,19,16
2,26,opt2,T2,2,782240,10000000,78.224000000,39.112000000,2002687,1393690
2,27,opt3,T2,2,640700,10000000,64.070000000,32.035000000,2002687,1393690
2,28,opt4,T2,1024,856700,10000000,85.670000000,0.083662109,5248,1078
2,29,baseline,T2,1,904622,10000000,90.462200000,90.462200000,2511447,1748230
2,30,opt1,T2,1,823848,10000000,82.384800000,82.384800000,2002687,1393690
2,31,opt3,T3,8,653055,10000000,65.305500000,8.163187500,511152,296259
2,32,opt4,T3,2048,571238,10000000,57.123800000,0.027892480,2550,1
2,33,baseline,T3,2,568878,10000000,56.887800000,28.443900000,1271154,739779
2,34,opt1,T3,4,629736,10000000,62.973600000,15.743400000,511152,296259
2,35,opt2,T3,8,819770,10000000,81.977000000,10.247125000,511152,296259
2,36,opt4,T4,2048,534199,10000000,53.419900000,0.026083936,2114,10
2,37,baseline,T4,1,2612923,10000000,261.292300000,261.292300000,7817095,2875747
2,38,opt1,T4,1,1993756,10000000,199.375600000,199.375600000,4577571,1677667
2,39,opt2,T4,1,797213,10000000,79.721300000,79.721300000,4577571,1677667
2,40,opt3,T4,1,645942,10000000,64.594200000,64.594200000,4577571,1677667
2,41,baseline,T5,65536,601760,10000000,60.176000000,0.000918213,19,16
2,42,opt1,T5,65536,639812,10000000,63.981200000,0.000976276,19,16
2,43,opt2,T5,131072,765765,10000000,76.576500000,0.000584232,19,16
2,44,opt3,T5,262144,994458,10000000,99.445800000,0.000379356,19,16
2,45,opt4,T5,262144,538205,10000000,53.820500000,0.000205309,4,1
2,46,opt1,T1,512,519116,10000000,51.911600000,0.101389844,3261,2796
2,47,opt2,T1,512,304128,10000000,30.412800000,0.059400000,3261,2796
2,48,opt3,T1,2048,933222,10000000,93.322200000,0.045567480,3261,2796
2,49,opt4,T1,262144,630271,10000000,63.027100000,0.000240429,19,1
2,50,baseline,T1,256,301819,10000000,30.181900000,0.117898047,4247,3650
3,51,opt4,T3,2048,638239,10000000,63.823900000,0.031164014,2550,1
3,52,baseline,T3,2,682154,10000000,68.215400000,34.107700000,1271154,739779
3,53,opt1,T3,4,851028,10000000,85.102800000,21.275700000,511152,296259
3,54,opt2,T3,8,954907,10000000,95.490700000,11.936337500,511152,296259
3,55,opt3,T3,8,854545,10000000,85.454500000,10.681812500,511152,296259
3,56,baseline,T4,1,3414234,10000000,341.423400000,341.423400000,7817095,2875747
3,57,opt1,T4,1,2028682,10000000,202.868200000,202.868200000,4577571,1677667
3,58,opt2,T4,1,787710,10000000,78.771000000,78.771000000,4577571,1677667
3,59,opt3,T4,1,637637,10000000,63.763700000,63.763700000,4577571,1677667
3,60,opt4,T4,2048,535191,10000000,53.519100000,0.026132373,2114,10
3,61,opt1,T5,65536,573156,10000000,57.315600000,0.000874567,19,16
3,62,opt2,T5,131072,786060,10000000,78.606000000,0.000599716,19,16
3,63,opt3,T5,262144,1008917,10000000,100.891700000,0.000384871,19,16
3,64,opt4,T5,262144,561551,10000000,56.155100000,0.000214215,4,1
3,65,baseline,T5,65536,969086,10000000,96.908600000,0.001478708,19,16
3,66,opt2,T1,512,421168,10000000,42.116800000,0.082259375,3261,2796
3,67,opt3,T1,2048,915745,10000000,91.574500000,0.044714111,3261,2796
3,68,opt4,T1,262144,681035,10000000,68.103500000,0.000259794,19,1
3,69,baseline,T1,256,305407,10000000,30.540700000,0.119299609,4247,3650
3,70,opt1,T1,512,521756,10000000,52.175600000,0.101905469,3261,2796
3,71,opt3,T2,2,630207,10000000,63.020700000,31.510350000,2002687,1393690
3,72,opt4,T2,1024,847090,10000000,84.709000000,0.082723633,5248,1078
3,73,baseline,T2,1,920728,10000000,92.072800000,92.072800000,2511447,1748230
3,74,opt1,T2,1,820616,10000000,82.061600000,82.061600000,2002687,1393690
3,75,opt2,T2,2,776817,10000000,77.681700000,38.840850000,2002687,1393690
4,76,opt1,T4,1,2006306,10000000,200.630600000,200.630600000,4577571,1677667
4,77,opt2,T4,1,807614,10000000,80.761400000,80.761400000,4577571,1677667
4,78,opt3,T4,1,670160,10000000,67.016000000,67.016000000,4577571,1677667
4,79,opt4,T4,2048,546636,10000000,54.663600000,0.026691211,2114,10
4,80,baseline,T4,1,2686245,10000000,268.624500000,268.624500000,7817095,2875747
4,81,opt2,T5,131072,882716,10000000,88.271600000,0.000673459,19,16
4,82,opt3,T5,262144,903242,10000000,90.324200000,0.000344559,19,16
4,83,opt4,T5,262144,544479,10000000,54.447900000,0.000207702,4,1
4,84,baseline,T5,65536,581014,10000000,58.101400000,0.000886557,19,16
4,85,opt1,T5,65536,663472,10000000,66.347200000,0.001012378,19,16
4,86,opt3,T1,2048,983278,10000000,98.327800000,0.048011621,3261,2796
4,87,opt4,T1,262144,659731,10000000,65.973100000,0.000251667,19,1
4,88,baseline,T1,256,305115,10000000,30.511500000,0.119185547,4247,3650
4,89,opt1,T1,512,605508,10000000,60.550800000,0.118263281,3261,2796
4,90,opt2,T1,512,348533,10000000,34.853300000,0.068072852,3261,2796
4,91,opt4,T2,1024,928188,10000000,92.818800000,0.090643359,5248,1078
4,92,baseline,T2,1,932394,10000000,93.239400000,93.239400000,2511447,1748230
4,93,opt1,T2,1,815128,10000000,81.512800000,81.512800000,2002687,1393690
4,94,opt2,T2,2,832229,10000000,83.222900000,41.611450000,2002687,1393690
4,95,opt3,T2,2,643688,10000000,64.368800000,32.184400000,2002687,1393690
4,96,baseline,T3,2,567190,10000000,56.719000000,28.359500000,1271154,739779
4,97,opt1,T3,4,632114,10000000,63.211400000,15.802850000,511152,296259
4,98,opt2,T3,8,715679,10000000,71.567900000,8.945987500,511152,296259
4,99,opt3,T3,8,622179,10000000,62.217900000,7.777237500,511152,296259
4,100,opt4,T3,2048,582902,10000000,58.290200000,0.028462012,2550,1
5,101,opt3,T5,262144,923227,10000000,92.322700000,0.000352183,19,16
5,102,opt4,T5,262144,549166,10000000,54.916600000,0.000209490,4,1
5,103,baseline,T5,65536,588431,10000000,58.843100000,0.000897874,19,16
5,104,opt1,T5,65536,575993,10000000,57.599300000,0.000878896,19,16
5,105,opt2,T5,131072,774276,10000000,77.427600000,0.000590726,19,16
5,106,opt4,T1,262144,649610,10000000,64.961000000,0.000247807,19,1
5,107,baseline,T1,256,301421,10000000,30.142100000,0.117742578,4247,3650
5,108,opt1,T1,512,526479,10000000,52.647900000,0.102827930,3261,2796
5,109,opt2,T1,512,305441,10000000,30.544100000,0.059656445,3261,2796
5,110,opt3,T1,2048,938749,10000000,93.874900000,0.045837354,3261,2796
5,111,baseline,T2,1,946687,10000000,94.668700000,94.668700000,2511447,1748230
5,112,opt1,T2,1,814073,10000000,81.407300000,81.407300000,2002687,1393690
5,113,opt2,T2,2,758971,10000000,75.897100000,37.948550000,2002687,1393690
5,114,opt3,T2,2,626390,10000000,62.639000000,31.319500000,2002687,1393690
5,115,opt4,T2,1024,847097,10000000,84.709700000,0.082724316,5248,1078
5,116,opt1,T3,4,636329,10000000,63.632900000,15.908225000,511152,296259
5,117,opt2,T3,8,729180,10000000,72.918000000,9.114750000,511152,296259
5,118,opt3,T3,8,694542,10000000,69.454200000,8.681775000,511152,296259
5,119,opt4,T3,2048,565689,10000000,56.568900000,0.027621533,2550,1
5,120,baseline,T3,2,571811,10000000,57.181100000,28.590550000,1271154,739779
5,121,opt2,T4,1,806105,10000000,80.610500000,80.610500000,4577571,1677667
5,122,opt3,T4,1,651606,10000000,65.160600000,65.160600000,4577571,1677667
5,123,opt4,T4,2048,538543,10000000,53.854300000,0.026296045,2114,10
5,124,baseline,T4,1,2728968,10000000,272.896800000,272.896800000,7817095,2875747
5,125,opt1,T4,1,1995891,10000000,199.589100000,199.589100000,4577571,1677667
6,126,baseline,T1,256,351510,10000000,35.151000000,0.137308594,4247,3650
6,127,opt1,T1,512,610112,10000000,61.011200000,0.119162500,3261,2796
6,128,opt2,T1,512,325371,10000000,32.537100000,0.063549023,3261,2796
6,129,opt3,T1,2048,953095,10000000,95.309500000,0.046537842,3261,2796
6,130,opt4,T1,262144,706512,10000000,70.651200000,0.000269513,19,1
6,131,opt1,T2,1,882307,10000000,88.230700000,88.230700000,2002687,1393690
6,132,opt2,T2,2,781078,10000000,78.107800000,39.053900000,2002687,1393690
6,133,opt3,T2,2,629387,10000000,62.938700000,31.469350000,2002687,1393690
6,134,opt4,T2,1024,842571,10000000,84.257100000,0.082282324,5248,1078
6,135,baseline,T2,1,944412,10000000,94.441200000,94.441200000,2511447,1748230
6,136,opt2,T3,8,724805,10000000,72.480500000,9.060062500,511152,296259
6,137,opt3,T3,8,620780,10000000,62.078000000,7.759750000,511152,296259
6,138,opt4,T3,2048,566578,10000000,56.657800000,0.027664941,2550,1
6,139,baseline,T3,2,570910,10000000,57.091000000,28.545500000,1271154,739779
6,140,opt1,T3,4,651925,10000000,65.192500000,16.298125000,511152,296259
6,141,opt3,T4,1,648920,10000000,64.892000000,64.892000000,4577571,1677667
6,142,opt4,T4,2048,539533,10000000,53.953300000,0.026344385,2114,10
6,143,baseline,T4,1,3007737,10000000,300.773700000,300.773700000,7817095,2875747
6,144,opt1,T4,1,1973688,10000000,197.368800000,197.368800000,4577571,1677667
6,145,opt2,T4,1,806920,10000000,80.692000000,80.692000000,4577571,1677667
6,146,opt4,T5,262144,544904,10000000,54.490400000,0.000207864,4,1
6,147,baseline,T5,65536,576854,10000000,57.685400000,0.000880209,19,16
6,148,opt1,T5,65536,582009,10000000,58.200900000,0.000888075,19,16
6,149,opt2,T5,131072,766961,10000000,76.696100000,0.000585145,19,16
6,150,opt3,T5,262144,989262,10000000,98.926200000,0.000377374,19,16
7,151,opt2,T2,2,791890,10000000,79.189000000,39.594500000,2002687,1393690
7,152,opt3,T2,2,646158,10000000,64.615800000,32.307900000,2002687,1393690
7,153,opt4,T2,1024,842039,10000000,84.203900000,0.082230371,5248,1078
7,154,baseline,T2,1,913617,10000000,91.361700000,91.361700000,2511447,1748230
7,155,opt1,T2,1,872970,10000000,87.297000000,87.297000000,2002687,1393690
7,156,opt3,T3,8,621316,10000000,62.131600000,7.766450000,511152,296259
7,157,opt4,T3,2048,566113,10000000,56.611300000,0.027642236,2550,1
7,158,baseline,T3,2,569730,10000000,56.973000000,28.486500000,1271154,739779
7,159,opt1,T3,4,662821,10000000,66.282100000,16.570525000,511152,296259
7,160,opt2,T3,8,732920,10000000,73.292000000,9.161500000,511152,296259
7,161,opt4,T4,2048,647713,10000000,64.771300000,0.031626611,2114,10
7,162,baseline,T4,1,2650501,10000000,265.050100000,265.050100000,7817095,2875747
7,163,opt1,T4,1,2178822,10000000,217.882200000,217.882200000,4577571,1677667
7,164,opt2,T4,1,992402,10000000,99.240200000,99.240200000,4577571,1677667
7,165,opt3,T4,1,680484,10000000,68.048400000,68.048400000,4577571,1677667
7,166,baseline,T5,65536,666519,10000000,66.651900000,0.001017027,19,16
7,167,opt1,T5,65536,573178,10000000,57.317800000,0.000874600,19,16
7,168,opt2,T5,131072,772667,10000000,77.266700000,0.000589498,19,16
7,169,opt3,T5,262144,930433,10000000,93.043300000,0.000354932,19,16
7,170,opt4,T5,262144,543027,10000000,54.302700000,0.000207148,4,1
7,171,opt1,T1,512,529102,10000000,52.910200000,0.103340234,3261,2796
7,172,opt2,T1,512,309897,10000000,30.989700000,0.060526758,3261,2796
7,173,opt3,T1,2048,924952,10000000,92.495200000,0.045163672,3261,2796
7,174,opt4,T1,262144,657494,10000000,65.749400000,0.000250814,19,1
7,175,baseline,T1,256,316521,10000000,31.652100000,0.123641016,4247,3650
8,176,opt4,T3,2048,599206,10000000,59.920600000,0.029258105,2550,1
8,177,baseline,T3,2,614949,10000000,61.494900000,30.747450000,1271154,739779
8,178,opt1,T3,4,818689,10000000,81.868900000,20.467225000,511152,296259
8,179,opt2,T3,8,996586,10000000,99.658600000,12.457325000,511152,296259
8,180,opt3,T3,8,805125,10000000,80.512500000,10.064062500,511152,296259
8,181,baseline,T4,1,3516846,10000000,351.684600000,351.684600000,7817095,2875747
8,182,opt1,T4,1,2012219,10000000,201.221900000,201.221900000,4577571,1677667
8,183,opt2,T4,1,795540,10000000,79.554000000,79.554000000,4577571,1677667
8,184,opt3,T4,1,713458,10000000,71.345800000,71.345800000,4577571,1677667
8,185,opt4,T4,2048,540629,10000000,54.062900000,0.026397900,2114,10
8,186,opt1,T5,65536,650233,10000000,65.023300000,0.000992177,19,16
8,187,opt2,T5,131072,797396,10000000,79.739600000,0.000608365,19,16
8,188,opt3,T5,262144,941297,10000000,94.129700000,0.000359076,19,16
8,189,opt4,T5,262144,696385,10000000,69.638500000,0.000265650,4,1
8,190,baseline,T5,65536,622810,10000000,62.281000000,0.000950333,19,16
8,191,opt2,T1,512,310745,10000000,31.074500000,0.060692383,3261,2796
8,192,opt3,T1,2048,953640,10000000,95.364000000,0.046564453,3261,2796
8,193,opt4,T1,262144,713108,10000000,71.310800000,0.000272029,19,1
8,194,baseline,T1,256,298086,10000000,29.808600000,0.116439844,4247,3650
8,195,opt1,T1,512,527403,10000000,52.740300000,0.103008398,3261,2796
8,196,opt3,T2,2,630229,10000000,63.022900000,31.511450000,2002687,1393690
8,197,opt4,T2,1024,842422,10000000,84.242200000,0.082267773,5248,1078
8,198,baseline,T2,1,982116,10000000,98.211600000,98.211600000,2511447,1748230
8,199,opt1,T2,1,981140,10000000,98.114000000,98.114000000,2002687,1393690
8,200,opt2,T2,2,783822,10000000,78.382200000,39.191100000,2002687,1393690
9,201,opt1,T4,1,2019310,10000000,201.931000000,201.931000000,4577571,1677667
9,202,opt2,T4,1,812236,10000000,81.223600000,81.223600000,4577571,1677667
9,203,opt3,T4,1,644406,10000000,64.440600000,64.440600000,4577571,1677667
9,204,opt4,T4,2048,536822,10000000,53.682200000,0.026212012,2114,10
9,205,baseline,T4,1,2691936,10000000,269.193600000,269.193600000,7817095,2875747
9,206,opt2,T5,131072,771883,10000000,77.188300000,0.000588900,19,16
9,207,opt3,T5,262144,922043,10000000,92.204300000,0.000351731,19,16
9,208,opt4,T5,262144,652074,10000000,65.207400000,0.000248746,4,1
9,209,baseline,T5,65536,741126,10000000,74.112600000,0.001130869,19,16
9,210,opt1,T5,65536,626272,10000000,62.627200000,0.000955615,19,16
9,211,opt3,T1,2048,942056,10000000,94.205600000,0.045998828,3261,2796
9,212,opt4,T1,262144,645827,10000000,64.582700000,0.000246363,19,1
9,213,baseline,T1,256,342859,10000000,34.285900000,0.133929297,4247,3650
9,214,opt1,T1,512,539430,10000000,53.943000000,0.105357422,3261,2796
9,215,opt2,T1,512,307093,10000000,30.709300000,0.059979102,3261,2796
9,216,opt4,T2,1024,923076,10000000,92.307600000,0.090144141,5248,1078
9,217,baseline,T2,1,1007313,10000000,100.731300000,100.731300000,2511447,1748230
9,218,opt1,T2,1,850703,10000000,85.070300000,85.070300000,2002687,1393690
9,219,opt2,T2,2,761157,10000000,76.115700000,38.057850000,2002687,1393690
9,220,opt3,T2,2,627972,10000000,62.797200000,31.398600000,2002687,1393690
9,221,baseline,T3,2,593129,10000000,59.312900000,29.656450000,1271154,739779
9,222,opt1,T3,4,713912,10000000,71.391200000,17.847800000,511152,296259
9,223,opt2,T3,8,796503,10000000,79.650300000,9.956287500,511152,296259
9,224,opt3,T3,8,626764,10000000,62.676400000,7.834550000,511152,296259
9,225,opt4,T3,2048,572075,10000000,57.207500000,0.027933350,2550,1
