version,test_id,repetitions,series_count,median_ms,min_ms,max_ms,speedup_vs_baseline,nodes,complete_assignments
baseline,T1,256,9,0.119299609,0.116439844,0.149805078,1.000000,4247,3650
opt1,T1,512,9,0.103340234,0.101389844,0.127080664,1.154435,3261,2796
opt2,T1,512,9,0.060526758,0.059297266,0.082259375,1.971023,3261,2796
opt3,T1,2048,9,0.045837354,0.044714111,0.048011621,2.602672,3261,2796
opt4,T1,262144,9,0.000250814,0.000240429,0.000272029,475.649615,19,1
baseline,T2,1,9,94.441200000,90.462200000,105.332900000,1.000000,2511447,1748230
opt1,T2,1,9,85.070300000,81.407300000,98.114000000,1.110155,2002687,1393690
opt2,T2,2,9,39.112000000,37.948550000,43.336950000,2.414635,2002687,1393690
opt3,T2,2,9,31.511450000,31.319500000,34.524650000,2.997044,2002687,1393690
opt4,T2,1024,9,0.082724316,0.082230371,0.090643359,1141.637720,5248,1078
baseline,T3,2,9,28.590550000,28.359500000,34.107700000,1.000000,1271154,739779
opt1,T3,4,9,16.298125000,15.743400000,21.275700000,1.754223,511152,296259
opt2,T3,8,9,9.956287500,8.945987500,12.457325000,2.871608,511152,296259
opt3,T3,8,9,8.163187500,7.759750000,10.681812500,3.502376,511152,296259
opt4,T3,2048,9,0.027892480,0.027621533,0.031164014,1025.027159,2550,1
baseline,T4,1,9,269.193600000,261.292300000,351.684600000,1.000000,7817095,2875747
opt1,T4,1,9,201.221900000,197.368800000,232.430800000,1.337795,4577571,1677667
opt2,T4,1,9,80.692000000,78.771000000,99.240200000,3.336063,4577571,1677667
opt3,T4,1,9,64.892000000,63.478200000,71.345800000,4.148333,4577571,1677667
opt4,T4,2048,9,0.026296045,0.025827832,0.031626611,10237.037577,2114,10
baseline,T5,65536,9,0.000918213,0.000880209,0.001478708,1.000000,19,16
opt1,T5,65536,9,0.000888075,0.000874567,0.001012378,1.033936,19,16
opt2,T5,131072,9,0.000590726,0.000584232,0.000673459,1.554381,19,16
opt3,T5,262144,9,0.000354932,0.000344490,0.000384871,2.587011,19,16
opt4,T5,262144,9,0.000209490,0.000205309,0.000265650,4.383083,4,1
